ETH,XLM,EOS,BCH,XRP,ETC,XMR,DASH,LTC,MLN,ZEC,REP,ICN,GNO,TIME
0.08103,4.41e-06,0.00029,0.119,4.727e-05,0.003488,0.029,0.07871,0.0138,0.01777,0.05938,0.0055,0.000558,0.039,2017-08-29
0.08389,4.6e-06,0.000275,0.1262,5.1e-05,0.003472,0.02924,0.08176,0.01438,0.01726,0.06005,0.005573,0.000569,0.04031,2017-08-30
0.08199,4.7e-06,0.000282,0.1252,5.4e-05,0.003554,0.02968,0.0815,0.01546,0.01672,0.06108,0.005583,0.000531,0.03651,2017-08-31
0.07947,4.9e-06,0.000269,0.128,5.2e-05,0.004573,0.029,0.08073,0.01791,0.01753,0.06322,0.005815,0.000595,0.03725,2017-09-01
0.07614,4.6e-06,0.000273,0.1262,5e-05,0.004355,0.02736,0.07602,0.01729,0.01631,0.05508,0.005269,0.000539,0.03628,2017-09-02
0.07605,4.7e-06,0.000281,0.13,5.1e-05,0.0042,0.0278,0.07824,0.01732,0.01722,0.05769,0.005393,0.000523,0.03722,2017-09-03
0.0706,4.3e-06,0.000231,0.1221,5e-05,0.003901,0.0254,0.07553,0.01588,0.01545,0.05305,0.005324,0.000493,0.033,2017-09-04
0.07237,4.3e-06,0.000211,0.1253,5e-05,0.00392,0.02764,0.07549,0.01674,0.01536,0.05327,0.005226,0.000474,0.03108,2017-09-05
0.07345,4.46e-06,0.0002131,0.14,5.052e-05,0.004194,0.02668,0.0757,0.01766,0.01655,0.05432,0.005139,0.000488,0.03452,2017-09-06
0.07242,4.41e-06,0.0002128,0.1449,4.937e-05,0.004007,0.0264,0.07521,0.0174,0.0163,0.05387,0.005095,0.000481,0.033,2017-09-07
0.0707,4.24e-06,0.0001979,0.1406,4.91e-05,0.003909,0.02712,0.07664,0.01695,0.01549,0.0513,0.005164,0.000447,0.03184,2017-09-08
0.07019,4.12e-06,0.0001869,0.1367,4.944e-05,0.003757,0.02697,0.07557,0.01655,0.01574,0.05048,0.005277,0.000454,0.03172,2017-09-09
0.0702,3.99e-06,0.0001748,0.1313,5.105e-05,0.003585,0.02646,0.07699,0.01575,0.0156,0.05169,0.005104,0.000438,0.0319,2017-09-10
0.07069,4.09e-06,0.0001749,0.1325,5.139e-05,0.003646,0.02662,0.07617,0.01619,0.0153,0.05054,0.004971,0.000404,0.03055,2017-09-11
0.07047,3.98e-06,0.0002083,0.1285,5.013e-05,0.003587,0.02676,0.07841,0.01584,0.01827,0.05046,0.00511,0.000411,0.02984,2017-09-12
0.0712,3.99e-06,0.0001869,0.1308,5.061e-05,0.003618,0.02841,0.07686,0.016,0.01688,0.05158,0.005331,0.000403,0.03,2017-09-13
0.06907,3.5e-06,0.0001796,0.1201,5.299e-05,0.003157,0.02675,0.07454,0.01404,0.0171,0.05055,0.004932,0.000392,0.0277,2017-09-14
0.0695,3.26e-06,0.000177,0.1165,5e-05,0.0031,0.02687,0.0777,0.01397,0.01641,0.05008,0.0049,0.00042,0.03081,2017-09-15
0.06858,3.22e-06,0.0001682,0.1201,4.956e-05,0.003048,0.02619,0.08295,0.01406,0.01602,0.04859,0.004735,0.000407,0.0295,2017-09-16
0.06988,3.06e-06,0.0001693,0.1195,4.943e-05,0.00302,0.02549,0.08547,0.01377,0.0156,0.04841,0.004779,0.000406,0.02948,2017-09-17
0.07275,3.35e-06,0.0001728,0.1189,4.731e-05,0.002959,0.0251,0.08256,0.01373,0.01686,0.04822,0.00466,0.000423,0.02912,2017-09-18
0.07223,3.03e-06,0.0001669,0.1365,4.728e-05,0.002949,0.02559,0.08241,0.01351,0.0156,0.04793,0.00472,0.00039,0.02798,2017-09-19
0.07354,3.14e-06,0.0001563,0.1236,4.68e-05,0.002883,0.02464,0.08846,0.0133,0.01605,0.0487,0.004747,0.000389,0.02732,2017-09-20
0.07138,2.94e-06,0.0001496,0.1158,4.749e-05,0.002799,0.02377,0.091,0.0128,0.01569,0.04841,0.0047,0.000362,0.02635,2017-09-21
0.07273,3.01e-06,0.0001571,0.114,4.775e-05,0.002833,0.02429,0.09554,0.0133,0.01595,0.054,0.004689,0.000384,0.02613,2017-09-22
0.07516,3.17e-06,0.0001526,0.1135,4.74e-05,0.00279,0.02424,0.09334,0.01301,0.01604,0.05478,0.004732,0.000396,0.0253,2017-09-23
0.07712,3.16e-06,0.0001503,0.1145,4.811e-05,0.00287,0.02449,0.09037,0.013,0.01601,0.05582,0.004866,0.000397,0.02469,2017-09-24
0.07505,3.05e-06,0.0001455,0.115,4.72e-05,0.002791,0.02394,0.08838,0.01332,0.01573,0.05932,0.004818,0.000391,0.02353,2017-09-25
0.0742,3.19e-06,0.000143,0.115,4.867e-05,0.00296,0.02406,0.08762,0.01345,0.0153,0.0598,0.00484,0.000377,0.02421,2017-09-26
0.0737,3.41e-06,0.0001509,0.1097,4.989e-05,0.003089,0.02437,0.08388,0.01346,0.01545,0.06799,0.004997,0.000357,0.0291,2017-09-27
0.07253,3.32e-06,0.0001943,0.1094,4.824e-05,0.003139,0.02356,0.08147,0.0131,0.0159,0.07367,0.00529,0.000359,0.03051,2017-09-28
0.07029,3.18e-06,0.000171,0.1062,4.736e-05,0.003044,0.02281,0.0785,0.01272,0.01555,0.07,0.004978,0.000345,0.03157,2017-09-29
0.06968,3.15e-06,0.0001667,0.1,4.591e-05,0.003029,0.02207,0.07574,0.01275,0.0155,0.0637,0.004905,0.00033,0.03312,2017-09-30
0.06944,3.12e-06,0.0001612,0.095,4.716e-05,0.002913,0.02125,0.072,0.01241,0.01669,0.06058,0.004724,0.000331,0.03057,2017-10-01
0.06747,2.93e-06,0.0001455,0.09504,4.625e-05,0.002822,0.02071,0.06984,0.01212,0.01564,0.05827,0.004382,0.000315,0.028,2017-10-02
0.06778,2.88e-06,0.0001469,0.09294,4.722e-05,0.002845,0.02164,0.06853,0.01207,0.01561,0.0585,0.004525,0.00032,0.02578,2017-10-03
0.06931,2.81e-06,0.000143,0.084,5.059e-05,0.002801,0.02133,0.07172,0.01215,0.01582,0.05649,0.004491,0.000381,0.02756,2017-10-04
0.06833,3.36e-06,0.0001408,0.082,5.523e-05,0.00275,0.02103,0.07024,0.01195,0.01564,0.05922,0.004418,0.000416,0.02854,2017-10-05
0.07073,4.22e-06,0.0001368,0.08333,5.369e-05,0.002821,0.02089,0.07008,0.01193,0.01615,0.05932,0.004531,0.000447,0.02876,2017-10-06
0.07016,4.72e-06,0.0001317,0.08063,5.413e-05,0.002781,0.02065,0.06993,0.01183,0.01595,0.05732,0.004517,0.000378,0.02752,2017-10-07
0.06715,4.05e-06,0.0001314,0.07401,6.079e-05,0.002632,0.01948,0.06517,0.01158,0.01545,0.05269,0.00415,0.000338,0.02565,2017-10-08
0.06204,3.66e-06,0.0001155,0.06569,5.249e-05,0.002396,0.01785,0.05929,0.01041,0.01508,0.0481,0.003691,0.000322,0.02168,2017-10-09
0.06281,3.91e-06,0.0001172,0.06672,5.442e-05,0.002379,0.01811,0.06118,0.01059,0.01543,0.0493,0.003947,0.000316,0.02194,2017-10-10
0.06278,4.09e-06,0.0001277,0.06484,5.484e-05,0.002376,0.01811,0.06152,0.01051,0.01509,0.049,0.00385,0.00031,0.02349,2017-10-11
0.05558,3.27e-06,0.0001052,0.05701,4.523e-05,0.002117,0.01603,0.05338,0.01095,0.01556,0.04199,0.003362,0.000262,0.0187,2017-10-12
0.05984,3.2e-06,0.0001031,0.05688,4.657e-05,0.00215,0.0169,0.0549,0.0105,0.01303,0.04265,0.003266,0.000262,0.01775,2017-10-13
0.05794,3e-06,9.81e-05,0.05505,4.408e-05,0.002097,0.01715,0.05385,0.0109,0.01256,0.04134,0.003232,0.000272,0.01623,2017-10-14
0.05916,3.3e-06,9.97e-05,0.05545,4.686e-05,0.002101,0.01673,0.05424,0.01148,0.01209,0.04106,0.00329,0.000262,0.01487,2017-10-15
0.05804,6.8e-06,9.7e-05,0.0543,4.471e-05,0.002067,0.01669,0.05283,0.01124,0.01307,0.0405,0.003329,0.00025,0.01549,2017-10-16
0.05653,8.2e-06,9.77e-05,0.06607,4.08e-05,0.002134,0.01631,0.05298,0.0106,0.01259,0.04152,0.003345,0.000254,0.01482,2017-10-17
0.05621,6.29e-06,9.86e-05,0.06101,3.917e-05,0.002046,0.01615,0.05301,0.01082,0.01253,0.04093,0.003303,0.000252,0.01479,2017-10-18
0.05403,5.52e-06,9.83e-05,0.05824,3.771e-05,0.00198,0.01534,0.05171,0.01049,0.0125,0.04045,0.003197,0.000229,0.01338,2017-10-19
0.0503,4.48e-06,9.03e-05,0.05428,3.596e-05,0.001854,0.01506,0.04837,0.01003,0.0115,0.03726,0.002882,0.000208,0.01215,2017-10-20
0.04963,6.09e-06,8.68e-05,0.05358,3.596e-05,0.001791,0.0146,0.04628,0.009639,0.009611,0.03545,0.002793,0.000191,0.01183,2017-10-21
0.04898,5.25e-06,8.67e-05,0.0547,3.596e-05,0.001772,0.01444,0.04639,0.009428,0.01019,0.03582,0.00281,0.000197,0.01283,2017-10-22
0.04821,5.97e-06,8.32e-05,0.05279,3.275e-05,0.001713,0.01447,0.04772,0.009302,0.009694,0.03462,0.002761,0.000195,0.01237,2017-10-23
0.05371,6.6e-06,9.35e-05,0.05853,3.73e-05,0.001883,0.01612,0.05318,0.01011,0.01106,0.03925,0.003222,0.000234,0.014,2017-10-24
0.0517,6.14e-06,8.88e-05,0.05793,3.532e-05,0.001827,0.0152,0.04988,0.00983,0.01078,0.03805,0.003124,0.000222,0.01292,2017-10-25
0.05014,5.89e-06,8.8e-05,0.05669,3.454e-05,0.001726,0.01503,0.04852,0.009401,0.01035,0.03999,0.003042,0.000201,0.01216,2017-10-26
0.05127,5.97e-06,9.14e-05,0.06374,3.489e-05,0.001772,0.01508,0.0484,0.009562,0.01023,0.04215,0.003043,0.000206,0.01247,2017-10-27
0.05128,5.38e-06,9.33e-05,0.073,3.47e-05,0.001815,0.01491,0.04776,0.009489,0.01009,0.04038,0.003018,0.000203,0.01228,2017-10-28
0.04927,4.89e-06,0.000109,0.07306,3.263e-05,0.001744,0.01442,0.04566,0.009208,0.01019,0.03794,0.002818,0.000187,0.01187,2017-10-29
0.04988,5.15e-06,0.0001149,0.07236,3.302e-05,0.001757,0.01452,0.04666,0.009171,0.009897,0.03933,0.002789,0.000165,0.01206,2017-10-30
0.04673,4.57e-06,0.0001224,0.06782,3.052e-05,0.001623,0.01354,0.04331,0.008596,0.009489,0.03602,0.002752,0.000157,0.01079,2017-10-31
0.04281,4.06e-06,0.00015,0.07846,2.834e-05,0.001514,0.0126,0.04075,0.007862,0.008685,0.03307,0.002504,0.000142,0.00992,2017-11-01
0.04038,3.91e-06,0.0001623,0.0814,2.878e-05,0.00143,0.0119,0.03748,0.007707,0.007424,0.03104,0.002285,0.000141,0.00822,2017-11-02
0.04244,3.84e-06,0.0001701,0.08722,2.893e-05,0.001723,0.01228,0.0391,0.007829,0.007992,0.03248,0.002499,0.000153,0.00832,2017-11-03
0.04056,3.71e-06,0.000151,0.0838,2.731e-05,0.001592,0.01191,0.03702,0.007429,0.008123,0.03108,0.002353,0.00015,0.0084,2017-11-04
0.03999,3.58e-06,0.0001477,0.08491,2.725e-05,0.001794,0.01157,0.03688,0.007412,0.007501,0.03053,0.002254,0.000142,0.00844,2017-11-05
0.04275,4.1e-06,0.0001324,0.08531,2.915e-05,0.002006,0.01456,0.0393,0.007831,0.007801,0.03238,0.00245,0.000146,0.00872,2017-11-06
0.04098,4.27e-06,0.0001333,0.08598,2.887e-05,0.001902,0.01387,0.04098,0.008549,0.007973,0.03328,0.002361,0.000125,0.00873,2017-11-07
0.04136,4.5e-06,0.000153,0.08317,2.966e-05,0.001793,0.01519,0.044,0.008343,0.007899,0.03373,0.002455,0.000124,0.00969,2017-11-08
0.04476,5.67e-06,0.0001665,0.0935,3.037e-05,0.002002,0.0169,0.04586,0.009047,0.008653,0.0366,0.002697,0.000153,0.01128,2017-11-09
0.04538,4.95e-06,0.0001578,0.1525,3.118e-05,0.002188,0.01592,0.04926,0.008979,0.008003,0.03705,0.002683,0.000142,0.01013,2017-11-10
0.04961,5.09e-06,0.0001853,0.2109,3.314e-05,0.003035,0.01896,0.0544,0.009838,0.01153,0.04007,0.002885,0.000172,0.01076,2017-11-11
0.05236,4.89e-06,0.0001879,0.27,3.361e-05,0.00256,0.02008,0.08351,0.009987,0.01057,0.04621,0.002969,0.000162,0.00952,2017-11-12
0.0482,4.7e-06,0.000182,0.2074,3.09e-05,0.002446,0.01855,0.06454,0.00937,0.01096,0.04119,0.002773,0.000152,0.00957,2017-11-13
0.05051,5.49e-06,0.0002649,0.1882,3.091e-05,0.002608,0.01845,0.0635,0.009521,0.01122,0.04108,0.002797,0.000154,0.00956,2017-11-14
0.04541,5.18e-06,0.0002302,0.1641,2.878e-05,0.002348,0.01664,0.05752,0.008729,0.01004,0.04078,0.002689,0.000149,0.00868,2017-11-15
0.04193,4.74e-06,0.000218,0.113,2.889e-05,0.00213,0.01533,0.053,0.008994,0.008587,0.0372,0.002478,0.000126,0.00855,2017-11-16
0.04299,4.6e-06,0.000226,0.1541,2.922e-05,0.00222,0.01634,0.05498,0.008781,0.008548,0.0373,0.002481,0.000123,0.00806,2017-11-17
0.04481,4.66e-06,0.0002486,0.1589,2.933e-05,0.002261,0.01652,0.05825,0.008924,0.008302,0.0382,0.00255,0.000137,0.00859,2017-11-18
0.044,4.47e-06,0.0002358,0.1453,2.879e-05,0.002238,0.01616,0.05474,0.008927,0.008215,0.03716,0.002527,0.000141,0.00854,2017-11-19
0.04479,4.61e-06,0.0002402,0.152,2.9e-05,0.002273,0.016,0.05763,0.008762,0.008157,0.03639,0.002571,0.000146,0.0084,2017-11-20
0.04443,4.66e-06,0.0002338,0.145,2.86e-05,0.002171,0.01745,0.0609,0.008655,0.008283,0.03589,0.002614,0.000149,0.00848,2017-11-21
0.0461,5.25e-06,0.0002338,0.1592,2.896e-05,0.00217,0.02028,0.07002,0.0087,0.008096,0.03885,0.003052,0.000178,0.00886,2017-11-22
0.0511,5.09e-06,0.0002367,0.2048,3.04e-05,0.002272,0.01985,0.07056,0.009116,0.008589,0.0398,0.00318,0.000181,0.00992,2017-11-23
0.05738,4.89e-06,0.000231,0.2,2.936e-05,0.002563,0.01944,0.0682,0.009399,0.009396,0.0421,0.00359,0.000207,0.0169,2017-11-24
0.05286,5.05e-06,0.0002349,0.179,2.868e-05,0.002436,0.01921,0.07281,0.01011,0.009078,0.03927,0.00326,0.000201,0.01284,2017-11-25
0.05072,5.21e-06,0.0002671,0.187,2.657e-05,0.00232,0.01749,0.0667,0.009138,0.008289,0.03659,0.00293,0.000173,0.01171,2017-11-26
0.04888,6.19e-06,0.000298,0.165,2.553e-05,0.002538,0.0176,0.06423,0.009311,0.0081,0.03542,0.002962,0.00016,0.01317,2017-11-27
0.04696,7.95e-06,0.0002786,0.1509,2.85e-05,0.003203,0.01976,0.06168,0.009471,0.008002,0.0364,0.002889,0.000153,0.012,2017-11-28
0.0434,6.64e-06,0.0002722,0.1354,2.44e-05,0.002467,0.0168,0.0688,0.008702,0.006704,0.03051,0.002498,0.000134,0.0096,2017-11-29
0.04357,7.28e-06,0.0002849,0.1345,2.388e-05,0.002621,0.01755,0.07625,0.008752,0.006555,0.03003,0.002608,0.000141,0.01023,2017-11-30
0.0424,8.23e-06,0.0002955,0.1332,2.329e-05,0.002717,0.01714,0.0724,0.008929,0.006791,0.03055,0.002454,0.000145,0.00996,2017-12-01
0.04186,8.79e-06,0.0003613,0.1275,2.25e-05,0.002657,0.01798,0.07049,0.00907,0.007196,0.02961,0.002654,0.00013,0.00988,2017-12-02
0.04116,8.13e-06,0.000334,0.1336,2.197e-05,0.00261,0.01746,0.07006,0.00889,0.006889,0.02837,0.0031,0.000132,0.01029,2017-12-03
0.04035,8.32e-06,0.000357,0.1321,2.181e-05,0.002502,0.01748,0.0665,0.008904,0.006767,0.02802,0.003166,0.000137,0.01074,2017-12-04
0.03889,1.079e-05,0.000365,0.1251,2.046e-05,0.002401,0.02222,0.06359,0.008581,0.006716,0.02725,0.002976,0.000134,0.012,2017-12-05
0.03067,1.178e-05,0.0003449,0.097,1.629e-05,0.001843,0.0187,0.05,0.007169,0.00566,0.0229,0.0023,0.000114,0.00875,2017-12-06
0.02531,8.3e-06,0.000245,0.07594,1.299e-05,0.00142,0.01563,0.04164,0.005698,0.00415,0.01772,0.001746,8.4e-05,0.0062,2017-12-07
0.02795,8.68e-06,0.0002798,0.08692,1.499e-05,0.001738,0.0166,0.04511,0.007533,0.004868,0.02019,0.001984,9e-05,0.00781,2017-12-08
0.03143,9.14e-06,0.00027,0.09224,1.637e-05,0.00188,0.01742,0.04837,0.01016,0.005188,0.02097,0.002035,0.0001,0.00816,2017-12-09
0.02882,7.49e-06,0.0002456,0.0858,1.532e-05,0.001694,0.01597,0.04585,0.009666,0.004459,0.01929,0.00186,8.7e-05,0.00693,2017-12-10
0.0305,8.74e-06,0.00026,0.08331,1.466e-05,0.001618,0.01608,0.04528,0.01276,0.004344,0.01883,0.00186,8.8e-05,0.00723,2017-12-11
0.03717,8.88e-06,0.0003,0.09258,2.045e-05,0.001783,0.01747,0.05099,0.01729,0.004673,0.02157,0.00209,8.1e-05,0.00797,2017-12-12
0.04246,9.1e-06,0.000445,0.099,2.961e-05,0.001808,0.01862,0.05348,0.01826,0.004745,0.02569,0.002144,9.2e-05,0.00858,2017-12-13
0.0417,1.198e-05,0.0005148,0.1178,5.336e-05,0.001924,0.01963,0.05597,0.01645,0.004448,0.03057,0.002043,9.2e-05,0.00869,2017-12-14
0.03848,1.15e-05,0.0004562,0.1027,4.308e-05,0.001784,0.01766,0.05054,0.0169,0.00413,0.02634,0.002138,9.3e-05,0.01161,2017-12-15
0.03564,1.2e-05,0.0004357,0.09229,3.87e-05,0.001747,0.01679,0.05101,0.01542,0.004347,0.02408,0.002125,9.9e-05,0.00956,2017-12-16
0.03739,1.413e-05,0.0004241,0.09597,3.761e-05,0.00179,0.01811,0.05698,0.01653,0.004296,0.02765,0.002256,0.000121,0.0103,2017-12-17
0.04115,1.459e-05,0.0004792,0.1134,4.012e-05,0.00201,0.01982,0.06049,0.01886,0.0048,0.03096,0.003059,0.000127,0.01046,2017-12-18
0.04623,1.495e-05,0.0006458,0.1527,4.25e-05,0.002159,0.02075,0.06565,0.01963,0.007397,0.03401,0.005667,0.000125,0.01155,2017-12-19
0.04834,1.577e-05,0.000633,0.2244,4.452e-05,0.002389,0.0288,0.094,0.01838,0.008,0.04062,0.005406,0.000134,0.0127,2017-12-20
0.0505,1.629e-05,0.0006628,0.1956,7.24e-05,0.0024,0.02692,0.08639,0.01962,0.008975,0.04406,0.005288,0.000173,0.01349,2017-12-21
0.04775,1.611e-05,0.0005928,0.18,7.342e-05,0.002076,0.025,0.08497,0.01859,0.00849,0.03606,0.004642,0.000136,0.01176,2017-12-22
0.04782,1.625e-05,0.0005987,0.2043,7.035e-05,0.002092,0.02488,0.08275,0.01903,0.009153,0.03705,0.004935,0.000147,0.01147,2017-12-23
0.04867,1.599e-05,0.0006002,0.2035,7.183e-05,0.002076,0.02465,0.08195,0.01941,0.008826,0.03885,0.004927,0.000144,0.01346,2017-12-24
0.05194,1.615e-05,0.0005997,0.199,7.188e-05,0.002118,0.02445,0.08051,0.01907,0.009436,0.03758,0.004972,0.000185,0.01625,2017-12-25
0.04738,1.425e-05,0.0005449,0.1855,6.77e-05,0.001922,0.02299,0.07468,0.01772,0.00785,0.03508,0.005345,0.000148,0.01311,2017-12-26
0.04794,1.455e-05,0.0005688,0.1755,7.962e-05,0.001864,0.02444,0.07363,0.01707,0.008337,0.03364,0.005169,0.000145,0.01368,2017-12-27
0.04976,1.541e-05,0.0005665,0.1724,8.761e-05,0.001877,0.02453,0.0769,0.01726,0.00802,0.03391,0.005194,0.000157,0.01418,2017-12-28
0.05125,2.253e-05,0.0005748,0.1804,0.0001371,0.001941,0.02431,0.0754,0.01665,0.009349,0.03578,0.005133,0.00016,0.01522,2017-12-29
0.05514,2.56e-05,0.0005751,0.1763,0.00015,0.001916,0.02449,0.07685,0.01683,0.009046,0.03562,0.005163,0.000206,0.01455,2017-12-30
0.05323,2.64e-05,0.0005582,0.1722,0.0001416,0.001924,0.02402,0.07349,0.01648,0.00929,0.03402,0.004986,0.000196,0.0152,2017-12-31
0.05622,3.509e-05,0.0005686,0.1729,0.0001555,0.002213,0.0253,0.07645,0.01664,0.009828,0.04025,0.00561,0.000188,0.01662,2018-01-01
0.05805,3.85e-05,0.0005617,0.1727,0.000148,0.002171,0.02452,0.07822,0.01715,0.01041,0.03666,0.005376,0.00019,0.01765,2018-01-02
0.06194,5.99e-05,0.000631,0.1698,0.0001823,0.0022,0.0254,0.07504,0.01605,0.0124,0.03692,0.0051,0.000214,0.01794,2018-01-03
0.06175,4.9e-05,0.0006399,0.1564,0.0001783,0.002228,0.0245,0.07442,0.01571,0.0177,0.036,0.004936,0.000267,0.0194,2018-01-04
0.05652,3.945e-05,0.0005449,0.1405,0.0001479,0.00185,0.02098,0.06221,0.01429,0.01477,0.03168,0.004382,0.000211,0.02305,2018-01-05
0.05837,4.27e-05,0.0005718,0.1483,0.000154,0.001985,0.02274,0.06736,0.01645,0.01437,0.03887,0.00469,0.000255,0.02305,2018-01-06
0.06821,4.38e-05,0.0006332,0.1554,0.0001707,0.002176,0.0247,0.07129,0.0168,0.0144,0.04652,0.00513,0.000295,0.0228,2018-01-07
0.07574,4.171e-05,0.0006468,0.1613,0.0001596,0.002273,0.02679,0.072,0.01692,0.01636,0.04596,0.0065,0.000283,0.02369,2018-01-08
0.08883,3.97e-05,0.0006434,0.1633,0.0001419,0.002651,0.02843,0.07571,0.01699,0.01675,0.046,0.00634,0.000361,0.02701,2018-01-09
0.08328,3.763e-05,0.0007573,0.1933,0.0001311,0.002449,0.02738,0.07333,0.01675,0.01536,0.04791,0.006845,0.0003,0.0265,2018-01-10
0.08812,3.5e-05,0.0007564,0.1835,0.0001224,0.002456,0.02762,0.07438,0.0171,0.01485,0.04713,0.006884,0.000286,0.02456,2018-01-11
0.08812,3.5e-05,0.0007564,0.1835,0.0001224,0.002456,0.02762,0.07438,0.0171,0.01485,0.04713,0.006884,0.000286,0.02456,2018-01-12
0.08812,3.5e-05,0.0007564,0.1835,0.0001224,0.002456,0.02762,0.07438,0.0171,0.01485,0.04713,0.006884,0.000286,0.02456,2018-01-13
0.08812,4.55e-05,0.0009831,0.1848,0.0001224,0.002456,0.0292,0.07282,0.01742,0.01656,0.04901,0.006801,0.000284,0.02504,2018-01-14
0.08812,4.29e-05,0.0009401,0.1758,0.0001219,0.002966,0.03053,0.06833,0.01713,0.01492,0.04586,0.006753,0.000261,0.02328,2018-01-15
0.08812,3.874e-05,0.0009014,0.1553,0.0001028,0.002499,0.02788,0.06641,0.01654,0.01218,0.04515,0.0061,0.000212,0.01854,2018-01-16
0.08812,4.345e-05,0.0009198,0.1574,0.0001177,0.002598,0.0287,0.07135,0.01677,0.01345,0.04475,0.005684,0.00023,0.01893,2018-01-17
0.09055,4.463e-05,0.00093,0.1533,0.0001398,0.002661,0.02805,0.07347,0.01706,0.01715,0.04325,0.005648,0.00024,0.02045,2018-01-18
0.09027,4.357e-05,0.0009682,0.1523,0.0001328,0.002743,0.03183,0.07307,0.01673,0.0172,0.04569,0.006759,0.000234,0.02222,2018-01-19
0.09022,4.158e-05,0.001251,0.1586,0.0001226,0.002731,0.03,0.07237,0.01646,0.01887,0.04359,0.007608,0.00024,0.02154,2018-01-20
0.09108,4.013e-05,0.001169,0.1537,0.0001183,0.002643,0.0301,0.07074,0.01655,0.01668,0.04223,0.007643,0.000226,0.01993,2018-01-21
0.09244,4.416e-05,0.001219,0.1487,0.0001239,0.002693,0.02896,0.0703,0.01662,0.01639,0.04105,0.007887,0.000207,0.01883,2018-01-22
0.09071,4.489e-05,0.001187,0.1489,0.0001239,0.002619,0.02838,0.06981,0.01636,0.01723,0.04088,0.00817,0.000206,0.01956,2018-01-23
0.0929,5.046e-05,0.001217,0.1451,0.0001189,0.002607,0.02804,0.06918,0.01589,0.01699,0.04002,0.007923,0.00021,0.02118,2018-01-24
0.09397,5.459e-05,0.001295,0.1464,0.0001164,0.002621,0.02835,0.071,0.01605,0.01544,0.04221,0.007886,0.000237,0.02055,2018-01-25
0.0945,5.715e-05,0.001288,0.1436,0.0001092,0.002579,0.02903,0.0702,0.01585,0.015,0.04097,0.007536,0.000228,0.01959,2018-01-26
0.09706,5.418e-05,0.00125,0.1428,0.0001067,0.002587,0.0284,0.06769,0.01585,0.01524,0.03964,0.007372,0.000219,0.02031,2018-01-27
0.105,5.249e-05,0.001234,0.1492,0.0001154,0.002745,0.02813,0.06938,0.01655,0.01716,0.04011,0.00723,0.000254,0.02043,2018-01-28
0.1045,5.113e-05,0.001203,0.1475,0.0001129,0.002775,0.02803,0.06814,0.01614,0.01806,0.03982,0.007093,0.000247,0.02044,2018-01-29
0.1058,4.795e-05,0.001119,0.145,0.0001095,0.002674,0.02714,0.06685,0.01639,0.0165,0.03776,0.006813,0.000244,0.01956,2018-01-30
0.1092,5.232e-05,0.001167,0.1453,0.0001107,0.002801,0.02676,0.06819,0.01603,0.01501,0.03892,0.006752,0.000234,0.01989,2018-01-31
0.1132,4.918e-05,0.001094,0.1388,0.0001038,0.002728,0.02643,0.06763,0.01557,0.01294,0.04382,0.00718,0.00023,0.01939,2018-02-01
0.1037,4.64e-05,0.00115,0.1345,0.0001016,0.002623,0.02667,0.0666,0.01482,0.01308,0.0433,0.006586,0.000221,0.01821,2018-02-02
0.1053,4.801e-05,0.001145,0.1379,0.0001034,0.002641,0.02737,0.06899,0.01755,0.01368,0.04213,0.00667,0.000224,0.01912,2018-02-03
0.1012,4.602e-05,0.00109,0.1408,9.933e-05,0.002552,0.0266,0.06598,0.01798,0.01232,0.04175,0.006159,0.000204,0.01741,2018-02-04
0.1006,4.656e-05,0.001019,0.1278,9.821e-05,0.002394,0.02584,0.06478,0.01812,0.01232,0.04381,0.006269,0.00019,0.016,2018-02-05
0.102,4.7e-05,0.001076,0.126,9.9e-05,0.0025,0.0273,0.06802,0.01849,0.01281,0.0477,0.006157,0.000205,0.01768,2018-02-06
0.09942,4.418e-05,0.001005,0.1254,9.408e-05,0.00239,0.02722,0.06857,0.01819,0.01274,0.04636,0.006152,0.0002,0.0175,2018-02-07
0.09877,4.282e-05,0.001005,0.1547,9.498e-05,0.002631,0.03001,0.07303,0.01814,0.01296,0.053,0.00625,0.000198,0.01698,2018-02-08
0.1011,4.51e-05,0.0011,0.1494,0.0001058,0.002965,0.02958,0.07323,0.01888,0.01308,0.05453,0.00652,0.0002,0.01694,2018-02-09
0.09951,4.557e-05,0.001042,0.1447,0.00012,0.002808,0.0289,0.07364,0.01812,0.01282,0.05628,0.006327,0.00019,0.0168,2018-02-10
0.1003,4.461e-05,0.001036,0.1502,0.0001186,0.002939,0.02839,0.07153,0.01847,0.01283,0.05339,0.006032,0.000189,0.01672,2018-02-11
0.09757,4.323e-05,0.001032,0.1438,0.0001172,0.003325,0.02771,0.06978,0.01813,0.01277,0.05195,0.006003,0.000182,0.0168,2018-02-12
0.09841,4.69e-05,0.001044,0.1426,0.0001157,0.003873,0.02731,0.06924,0.01866,0.01302,0.05174,0.005731,0.000186,0.01673,2018-02-13
0.09709,4.768e-05,0.001041,0.1435,0.0001196,0.003678,0.02883,0.07157,0.02248,0.01315,0.051,0.005555,0.000183,0.01681,2018-02-14
0.09239,4.395e-05,0.0009821,0.1353,0.0001103,0.003363,0.02946,0.06937,0.02208,0.01296,0.04795,0.005316,0.000176,0.0158,2018-02-15
0.09225,4.405e-05,0.0009708,0.1509,0.0001096,0.003398,0.0289,0.06819,0.02241,0.01299,0.04689,0.005244,0.000177,0.01565,2018-02-16
0.08786,4.31e-05,0.0009095,0.1392,0.0001063,0.003127,0.02895,0.06651,0.0207,0.01379,0.04421,0.004954,0.000173,0.01565,2018-02-17
0.08792,4.186e-05,0.0008708,0.1401,0.0001029,0.003302,0.02832,0.06571,0.02049,0.01366,0.04301,0.005037,0.000171,0.01501,2018-02-18
0.08413,3.973e-05,0.0008525,0.1368,9.95e-05,0.00344,0.02806,0.065,0.01988,0.01313,0.04218,0.004794,0.000168,0.01452,2018-02-19
0.07874,3.483e-05,0.0007861,0.1239,9.181e-05,0.003258,0.02667,0.06029,0.02035,0.01218,0.03858,0.00444,0.000142,0.01246,2018-02-20
0.08016,3.578e-05,0.0007955,0.1228,9.098e-05,0.0033,0.02935,0.06283,0.02007,0.01121,0.04039,0.004375,0.000138,0.0125,2018-02-21
0.08175,3.541e-05,0.0007919,0.1229,9.036e-05,0.003202,0.02791,0.06378,0.01959,0.01059,0.04002,0.004386,0.000145,0.01243,2018-02-22
0.08425,3.62e-05,0.0008144,0.1239,9.27e-05,0.003595,0.02731,0.0615,0.02042,0.0111,0.04062,0.004354,0.000148,0.01415,2018-02-23
0.08605,3.541e-05,0.0008141,0.1216,9.332e-05,0.003787,0.02766,0.06095,0.02128,0.01105,0.04018,0.004456,0.000145,0.01345,2018-02-24
0.08767,3.647e-05,0.0008017,0.1224,9.41e-05,0.003672,0.02895,0.0614,0.02279,0.0111,0.04074,0.004595,0.000152,0.01362,2018-02-25
0.08405,3.452e-05,0.0007766,0.1207,8.999e-05,0.003427,0.02831,0.06034,0.0212,0.01072,0.03908,0.004548,0.000142,0.01308,2018-02-26
0.08229,3.371e-05,0.00079,0.1167,8.774e-05,0.003367,0.0283,0.05763,0.02032,0.01076,0.03844,0.004557,0.000136,0.01251,2018-02-27
0.08268,3.204e-05,0.0007912,0.1164,8.579e-05,0.003216,0.02756,0.05644,0.01959,0.01055,0.03691,0.004421,0.000134,0.01282,2018-02-28
0.07977,3.095e-05,0.000783,0.1175,8.381e-05,0.003061,0.02852,0.0564,0.01918,0.01022,0.0365,0.00429,0.000154,0.0129,2018-03-01
0.07764,2.893e-05,0.000728,0.1153,8.146e-05,0.002767,0.03117,0.05475,0.0193,0.01073,0.03511,0.004097,0.000181,0.01289,2018-03-02
0.07462,3.026e-05,0.0006923,0.1107,7.855e-05,0.002517,0.0305,0.0533,0.01831,0.01094,0.03371,0.004147,0.000175,0.01209,2018-03-03
0.07514,3.139e-05,0.0007055,0.1115,8.748e-05,0.00256,0.03205,0.05394,0.01857,0.01049,0.03561,0.004072,0.000165,0.01284,2018-03-04
0.07404,3.034e-05,0.0006931,0.11,8.226e-05,0.002308,0.03229,0.05335,0.0184,0.0113,0.034,0.004044,0.000157,0.01255,2018-03-05
0.07611,3.103e-05,0.000664,0.1121,8.427e-05,0.002316,0.03192,0.05395,0.0183,0.01082,0.03581,0.004056,0.000171,0.01225,2018-03-06
0.07578,3.288e-05,0.0006472,0.1097,8.63e-05,0.002206,0.03394,0.05135,0.01877,0.01062,0.03484,0.003973,0.000185,0.01257,2018-03-07
0.07508,3.296e-05,0.0006527,0.1111,8.683e-05,0.00239,0.02958,0.05264,0.01884,0.01047,0.03386,0.004141,0.000161,0.0122,2018-03-08
0.07859,3.32e-05,0.0006515,0.1148,8.919e-05,0.002382,0.03084,0.05362,0.02014,0.009849,0.03332,0.003956,0.000166,0.01163,2018-03-09
0.07763,3.268e-05,0.0006459,0.1138,8.841e-05,0.002353,0.02881,0.05513,0.02013,0.01042,0.03257,0.003773,0.000164,0.01174,2018-03-10
0.07548,3.164e-05,0.0006343,0.1197,8.583e-05,0.002234,0.02938,0.05552,0.01969,0.009653,0.03212,0.003822,0.000158,0.01127,2018-03-11
0.07649,3.148e-05,0.0006291,0.115,8.59e-05,0.002226,0.02811,0.05466,0.01948,0.009478,0.03169,0.003818,0.000152,0.01121,2018-03-12
0.07526,3.145e-05,0.0006318,0.1154,8.511e-05,0.00217,0.02692,0.05315,0.01919,0.009674,0.03101,0.004193,0.00015,0.01114,2018-03-13
0.07454,2.971e-05,0.0006404,0.115,8.386e-05,0.002075,0.02606,0.05163,0.01959,0.0084,0.0303,0.003818,0.00014,0.01043,2018-03-14
0.074,2.899e-05,0.0006202,0.1136,8.275e-05,0.002208,0.02561,0.0505,0.01985,0.008101,0.02937,0.003886,0.000136,0.0104,2018-03-15
0.07242,2.757e-05,0.0006064,0.1175,8.194e-05,0.002136,0.02598,0.05123,0.01993,0.007669,0.02835,0.00399,0.000144,0.01031,2018-03-16
0.06979,2.595e-05,0.0005854,0.1199,7.986e-05,0.002065,0.02492,0.04929,0.01939,0.007514,0.02773,0.003917,0.000134,0.0103,2018-03-17
0.06553,2.669e-05,0.0005638,0.1139,7.918e-05,0.002036,0.02544,0.0482,0.01877,0.006912,0.02963,0.00363,0.000129,0.00988,2018-03-18
0.06467,2.871e-05,0.0007205,0.1157,8.379e-05,0.002269,0.02521,0.04766,0.01869,0.007496,0.02948,0.003853,0.00013,0.0102,2018-03-19
0.06262,3.003e-05,0.000667,0.1185,7.853e-05,0.002245,0.02509,0.04814,0.01895,0.007924,0.02918,0.003985,0.000128,0.0102,2018-03-20
0.06297,2.81e-05,0.0007769,0.1159,7.645e-05,0.002197,0.02445,0.04863,0.01895,0.007633,0.02905,0.004052,0.000124,0.01015,2018-03-21
0.06184,2.758e-05,0.0007906,0.116,7.49e-05,0.002239,0.02431,0.04715,0.01877,0.008102,0.02853,0.004029,0.000125,0.00984,2018-03-22
0.06094,2.661e-05,0.0007813,0.1156,7.182e-05,0.002153,0.0241,0.04849,0.01898,0.008016,0.02906,0.004016,0.000124,0.0093,2018-03-23
0.06095,2.729e-05,0.0007629,0.1136,7.376e-05,0.002144,0.02424,0.04923,0.01857,0.008035,0.02823,0.004045,0.000126,0.00911,2018-03-24
0.06187,2.832e-05,0.00076,0.1146,7.5e-05,0.002132,0.02495,0.04844,0.01893,0.008181,0.02822,0.00404,0.000129,0.00958,2018-03-25
0.05975,2.783e-05,0.000715,0.112,7.215e-05,0.002011,0.02397,0.04772,0.01818,0.007862,0.02764,0.004219,0.00012,0.00919,2018-03-26
0.05758,2.758e-05,0.0007438,0.1121,7.332e-05,0.002032,0.02404,0.04536,0.01735,0.007937,0.0277,0.004163,0.000118,0.00878,2018-03-27
0.056,2.755e-05,0.0007789,0.1082,7.22e-05,0.002026,0.02493,0.04408,0.01653,0.007808,0.02649,0.004186,0.000119,0.00861,2018-03-28
0.0542,2.663e-05,0.0008282,0.09984,7.07e-05,0.002072,0.02476,0.04626,0.01615,0.007505,0.02625,0.003785,0.000111,0.00787,2018-03-29
0.05756,2.73e-05,0.0008755,0.1019,7.298e-05,0.002102,0.02517,0.04535,0.01736,0.007213,0.02761,0.003752,0.000106,0.0081,2018-03-30
0.05695,2.96e-05,0.0008542,0.0983,7.232e-05,0.00206,0.0257,0.04401,0.01673,0.007348,0.02666,0.003804,0.000109,0.00832,2018-03-31
0.05544,3.005e-05,0.00082,0.09413,7.03e-05,0.00199,0.02559,0.04254,0.01691,0.00687,0.02673,0.003586,0.000105,0.00804,2018-04-01
0.05443,3.168e-05,0.0008248,0.0937,7.003e-05,0.001991,0.02497,0.04423,0.01687,0.006041,0.02742,0.003596,0.000107,0.00798,2018-04-02
0.05609,3.127e-05,0.0008172,0.09556,7.394e-05,0.002035,0.02542,0.04569,0.01809,0.006316,0.02761,0.003645,0.000114,0.00883,2018-04-03
0.05571,2.974e-05,0.000833,0.09509,7.225e-05,0.001994,0.02476,0.04392,0.01743,0.006477,0.02685,0.003508,0.00013,0.00918,2018-04-04
0.05623,2.908e-05,0.0009323,0.09462,7.227e-05,0.002007,0.02533,0.04422,0.01757,0.00665,0.02692,0.003948,0.000129,0.00893,2018-04-05
0.05578,2.896e-05,0.0008791,0.0919,7.15e-05,0.001988,0.02442,0.04302,0.01706,0.006329,0.02648,0.003653,0.000125,0.00848,2018-04-06
0.05592,2.919e-05,0.0008528,0.0929,7.039e-05,0.001949,0.0245,0.04315,0.01682,0.006551,0.02629,0.00355,0.00012,0.00854,2018-04-07
0.05698,2.94e-05,0.0008531,0.093,7.096e-05,0.002012,0.02481,0.04441,0.01679,0.006849,0.02611,0.003575,0.000122,0.00861,2018-04-08
0.05886,2.893e-05,0.0008649,0.09389,7.172e-05,0.002013,0.0246,0.04426,0.01696,0.007002,0.02613,0.00362,0.000127,0.00869,2018-04-09
0.06079,2.904e-05,0.000879,0.09512,7.184e-05,0.002001,0.02426,0.04393,0.01671,0.007049,0.02637,0.00363,0.000134,0.00921,2018-04-10
0.062,3.052e-05,0.001222,0.09632,7.796e-05,0.002102,0.02428,0.04447,0.01702,0.007092,0.02657,0.003682,0.000136,0.00968,2018-04-11
0.06248,3.1e-05,0.00111,0.09302,8.125e-05,0.00205,0.0243,0.04494,0.01633,0.007259,0.02732,0.003552,0.000134,0.00952,2018-04-12
0.06272,3.115e-05,0.001113,0.09406,8.146e-05,0.001977,0.02394,0.04482,0.01596,0.007664,0.02909,0.003725,0.00015,0.00979,2018-04-13
0.0628,3.17e-05,0.001091,0.09228,8.019e-05,0.002011,0.02385,0.04459,0.01577,0.007631,0.02783,0.003646,0.000144,0.00975,2018-04-14
0.06383,3.518e-05,0.001019,0.0934,8.304e-05,0.002014,0.0241,0.04584,0.01587,0.007658,0.02774,0.003663,0.000147,0.00974,2018-04-15
0.06344,3.537e-05,0.001006,0.09505,8.249e-05,0.001998,0.02402,0.0451,0.01595,0.007382,0.02788,0.00359,0.000145,0.01092,2018-04-16
0.0637,3.802e-05,0.001073,0.096,8.295e-05,0.002035,0.0248,0.04585,0.01679,0.007375,0.02807,0.003657,0.000146,0.01233,2018-04-17
0.06439,4.327e-05,0.001106,0.1098,8.744e-05,0.002161,0.02809,0.05169,0.01718,0.007697,0.0304,0.004011,0.000153,0.0125,2018-04-18
0.06852,4.41e-05,0.001138,0.1168,9.46e-05,0.002222,0.02862,0.05223,0.01766,0.00819,0.03196,0.004622,0.000155,0.01406,2018-04-19
0.06953,4.413e-05,0.001288,0.1272,0.0001046,0.002214,0.0307,0.05215,0.01757,0.0083,0.03188,0.004499,0.000176,0.01267,2018-04-20
0.06793,4.188e-05,0.001243,0.1288,9.7e-05,0.002088,0.02868,0.04999,0.01668,0.007983,0.0304,0.004306,0.000159,0.01216,2018-04-21
0.07067,4.144e-05,0.001286,0.1353,9.771e-05,0.002126,0.03051,0.05324,0.01666,0.007476,0.03089,0.004561,0.000169,0.01223,2018-04-22
0.07203,4.164e-05,0.001298,0.1609,9.763e-05,0.002293,0.0316,0.05631,0.01705,0.007682,0.03353,0.004718,0.000169,0.01207,2018-04-23
0.07288,4.089e-05,0.00157,0.1457,9.579e-05,0.00229,0.0304,0.05457,0.01706,0.008542,0.03279,0.004695,0.000164,0.01166,2018-04-24
0.0695,3.808e-05,0.001618,0.1457,8.945e-05,0.002087,0.02892,0.05223,0.01633,0.007674,0.03217,0.004541,0.000149,0.01091,2018-04-25
0.07129,4.159e-05,0.00166,0.1535,9.137e-05,0.002275,0.02872,0.05453,0.01657,0.007999,0.0326,0.00466,0.000158,0.01113,2018-04-26
0.07197,4.31e-05,0.001852,0.1493,9.033e-05,0.002306,0.02813,0.05292,0.01633,0.008029,0.0315,0.004502,0.000156,0.01184,2018-04-27
0.07312,4.578e-05,0.002018,0.1489,9.246e-05,0.00232,0.02803,0.05323,0.01629,0.00742,0.03165,0.00446,0.000165,0.01189,2018-04-28
0.07325,4.86e-05,0.002279,0.1534,9.231e-05,0.002319,0.02722,0.05301,0.01634,0.007738,0.03117,0.004289,0.000171,0.01156,2018-04-29
0.0724,4.582e-05,0.001875,0.1456,8.998e-05,0.002344,0.02611,0.05116,0.01608,0.008199,0.03075,0.004354,0.00017,0.0126,2018-04-30
0.07389,4.83e-05,0.002068,0.1492,9.194e-05,0.002379,0.02643,0.05272,0.01633,0.008127,0.03207,0.004275,0.000171,0.01238,2018-05-01
0.07444,4.757e-05,0.002073,0.1581,9.302e-05,0.002348,0.027,0.05281,0.01643,0.008103,0.03187,0.00425,0.000171,0.01263,2018-05-02
0.07985,4.441e-05,0.001814,0.155,9.023e-05,0.002329,0.02513,0.05165,0.01654,0.008348,0.0317,0.004539,0.000167,0.01254,2018-05-03
0.08089,4.427e-05,0.001747,0.1563,9.175e-05,0.002302,0.02493,0.0503,0.01743,0.008199,0.03047,0.00441,0.000167,0.01229,2018-05-04
0.08296,4.349e-05,0.001801,0.1786,9.152e-05,0.002315,0.02451,0.05181,0.0181,0.007843,0.03113,0.004478,0.000162,0.01226,2018-05-05
0.08207,4.23e-05,0.001795,0.1822,8.94e-05,0.002613,0.02446,0.05015,0.01784,0.007766,0.03011,0.004441,0.000164,0.01192,2018-05-06
0.08062,4.203e-05,0.001909,0.1762,8.827e-05,0.002508,0.02493,0.04876,0.01761,0.007593,0.02987,0.004416,0.000162,0.01142,2018-05-07
0.08155,4.145e-05,0.00195,0.1746,8.79e-05,0.00243,0.02429,0.048,0.01732,0.007033,0.02985,0.00486,0.000155,0.01148,2018-05-08
0.08063,3.983e-05,0.001902,0.1752,8.547e-05,0.002292,0.02438,0.04756,0.01682,0.006901,0.0296,0.005371,0.000147,0.01098,2018-05-09
0.08032,3.84e-05,0.001927,0.1687,8.286e-05,0.002175,0.02403,0.04621,0.01643,0.00694,0.02903,0.004913,0.000138,0.01153,2018-05-10
0.08054,3.706e-05,0.001752,0.1619,8.052e-05,0.002105,0.02337,0.04661,0.0162,0.006842,0.02816,0.006557,0.000133,0.01111,2018-05-11
0.0807,4.207e-05,0.001657,0.1724,8.087e-05,0.002142,0.0238,0.04759,0.0167,0.006726,0.02898,0.005978,0.000131,0.01135,2018-05-12
0.084,4.247e-05,0.001693,0.1705,8.406e-05,0.00215,0.02388,0.04778,0.01665,0.007027,0.02983,0.005938,0.000153,0.0114,2018-05-13
0.08389,4.167e-05,0.001583,0.1631,8.419e-05,0.002152,0.02454,0.04984,0.01701,0.007111,0.03563,0.006132,0.000144,0.01087,2018-05-14
0.08323,4.013e-05,0.001517,0.1573,8.14e-05,0.002139,0.02392,0.05042,0.01643,0.007299,0.04182,0.006281,0.000142,0.01147,2018-05-15
0.08463,3.968e-05,0.001516,0.1535,8.478e-05,0.00211,0.02385,0.04956,0.01671,0.006812,0.04371,0.005955,0.00014,0.01108,2018-05-16
0.08286,3.796e-05,0.00152,0.1491,8.168e-05,0.002109,0.02367,0.0479,0.01642,0.006532,0.03894,0.006957,0.000136,0.01088,2018-05-17
0.08404,3.85e-05,0.001573,0.146,8.212e-05,0.002186,0.02479,0.04797,0.0165,0.0068,0.0435,0.006682,0.00014,0.01101,2018-05-18
0.08431,3.798e-05,0.001593,0.1428,8.192e-05,0.002137,0.024,0.04667,0.0164,0.006979,0.04139,0.006465,0.00014,0.01104,2018-05-19
0.08398,3.85e-05,0.00164,0.1519,8.189e-05,0.00213,0.02386,0.04722,0.01633,0.006402,0.04112,0.006368,0.000143,0.01091,2018-05-20
0.08307,3.722e-05,0.001593,0.1459,8.069e-05,0.002097,0.02358,0.0458,0.01602,0.00636,0.03879,0.006093,0.00014,0.01068,2018-05-21
0.08033,3.662e-05,0.00152,0.1423,8e-05,0.002043,0.022,0.0447,0.01603,0.006273,0.03899,0.005623,0.000135,0.01045,2018-05-22
0.07685,3.659e-05,0.001427,0.1331,7.89e-05,0.001974,0.0227,0.04516,0.01576,0.006054,0.03799,0.005585,0.000126,0.00982,2018-05-23
0.07942,3.855e-05,0.001681,0.1414,8.305e-05,0.002067,0.0227,0.04534,0.01615,0.006201,0.03915,0.005507,0.000127,0.00969,2018-05-24
0.07832,3.824e-05,0.001631,0.1356,8.116e-05,0.002026,0.02203,0.04513,0.01587,0.00603,0.0377,0.005299,0.000126,0.00948,2018-05-25
0.07982,3.846e-05,0.001666,0.1374,8.305e-05,0.002083,0.0225,0.04382,0.01616,0.006174,0.03682,0.005316,0.000124,0.00993,2018-05-26
0.07766,3.716e-05,0.001689,0.1356,8.221e-05,0.002062,0.02261,0.04275,0.01604,0.005905,0.03558,0.005223,0.000121,0.0095,2018-05-27
0.07217,3.513e-05,0.001621,0.1246,7.706e-05,0.002009,0.021,0.04026,0.01562,0.005409,0.03205,0.00465,0.000115,0.00892,2018-05-28
0.0758,3.78e-05,0.001623,0.1322,8.018e-05,0.002034,0.02103,0.0424,0.01598,0.005398,0.03293,0.005038,0.000119,0.00926,2018-05-29
0.0755,3.723e-05,0.001605,0.133,8.169e-05,0.002054,0.02092,0.04117,0.01589,0.005201,0.03252,0.004921,0.000118,0.00958,2018-05-30
0.07714,3.959e-05,0.001636,0.1331,8.171e-05,0.002035,0.02076,0.04063,0.01577,0.005294,0.032,0.005102,0.000128,0.00983,2018-05-31
0.07707,3.84e-05,0.001627,0.1334,8.275e-05,0.002058,0.02096,0.042,0.01597,0.005166,0.03184,0.005295,0.000127,0.00956,2018-06-01
0.07735,3.905e-05,0.001927,0.1421,8.424e-05,0.002068,0.02131,0.04222,0.01615,0.005266,0.03284,0.00533,0.000127,0.00966,2018-06-02
0.08033,3.943e-05,0.001884,0.1517,8.929e-05,0.002099,0.02201,0.04274,0.01626,0.005201,0.03295,0.005256,0.000127,0.00966,2018-06-03
0.07897,3.872e-05,0.001794,0.1472,8.758e-05,0.00203,0.02124,0.04224,0.01597,0.005136,0.03118,0.00504,0.000125,0.00965,2018-06-04
0.07983,3.853e-05,0.001856,0.1502,8.862e-05,0.002033,0.02193,0.04167,0.016,0.005132,0.03128,0.005044,0.000125,0.00935,2018-06-05
0.07922,3.898e-05,0.001816,0.147,8.783e-05,0.001991,0.02152,0.04119,0.01588,0.005126,0.03076,0.004983,0.000122,0.00938,2018-06-06
0.07859,3.804e-05,0.001904,0.1485,8.805e-05,0.001978,0.02131,0.04103,0.01579,0.005137,0.03082,0.005072,0.000118,0.00918,2018-06-07
0.07866,3.78e-05,0.001846,0.146,8.838e-05,0.002013,0.02085,0.04086,0.01573,0.005555,0.03088,0.00505,0.000116,0.00906,2018-06-08
0.07917,3.753e-05,0.001884,0.1451,8.774e-05,0.002002,0.02062,0.03974,0.01567,0.005758,0.0306,0.004972,0.000117,0.00908,2018-06-09
0.07753,3.634e-05,0.001714,0.1381,8.6e-05,0.00186,0.02055,0.0399,0.01578,0.005443,0.02929,0.00484,0.000109,0.0087,2018-06-10
0.07725,3.661e-05,0.001767,0.1397,8.698e-05,0.001873,0.01999,0.03941,0.01559,0.005504,0.02988,0.004866,0.00011,0.00855,2018-06-11
0.07555,3.47e-05,0.001524,0.1325,8.51e-05,0.00225,0.01914,0.03962,0.01522,0.005449,0.02941,0.004686,0.000109,0.00828,2018-06-12
0.07552,3.48e-05,0.001581,0.1336,8.425e-05,0.0022,0.01934,0.03882,0.01486,0.005058,0.02888,0.00485,0.000106,0.00775,2018-06-13
0.07816,3.637e-05,0.001697,0.1346,8.405e-05,0.002114,0.01992,0.04052,0.01518,0.005071,0.02984,0.005202,0.000109,0.00822,2018-06-14
0.07634,3.599e-05,0.001643,0.1318,8.34e-05,0.002165,0.01901,0.03982,0.01495,0.005039,0.03022,0.005113,0.000109,0.00816,2018-06-15
0.07651,3.549e-05,0.001621,0.1307,8.207e-05,0.002233,0.01951,0.04096,0.01493,0.005062,0.02923,0.005128,0.000108,0.00802,2018-06-16
0.07694,3.538e-05,0.001595,0.1312,8.15e-05,0.002209,0.01908,0.04113,0.01471,0.004906,0.02893,0.00522,0.000106,0.00795,2018-06-17
0.07711,3.475e-05,0.00159,0.1318,8.027e-05,0.002248,0.01895,0.03941,0.01469,0.004998,0.02924,0.005154,0.000107,0.00789,2018-06-18
0.07976,3.47e-05,0.001582,0.1343,8.14e-05,0.002318,0.01862,0.03869,0.01462,0.005081,0.02931,0.005427,0.000107,0.00821,2018-06-19
0.07939,3.421e-05,0.001537,0.1319,7.995e-05,0.002577,0.01818,0.03934,0.01448,0.005197,0.02873,0.005373,0.000109,0.00821,2018-06-20
0.07822,3.371e-05,0.001537,0.1298,7.942e-05,0.002626,0.01834,0.03861,0.0144,0.004984,0.02823,0.005258,0.000109,0.0083,2018-06-21
0.07637,3.308e-05,0.001405,0.1237,7.967e-05,0.002407,0.01819,0.0389,0.01403,0.004901,0.02768,0.005029,0.000106,0.00789,2018-06-22
0.07692,3.28e-05,0.001354,0.1239,7.959e-05,0.002404,0.0188,0.03936,0.01343,0.004946,0.02734,0.004988,0.000103,0.00773,2018-06-23
0.07409,3.146e-05,0.001304,0.1213,7.73e-05,0.002411,0.0197,0.03863,0.01313,0.0046,0.02697,0.00497,9.5e-05,0.00739,2018-06-24
0.07343,3.163e-05,0.001311,0.1209,7.702e-05,0.002541,0.0203,0.03854,0.01303,0.004659,0.02829,0.005166,9.9e-05,0.00756,2018-06-25
0.07076,3.01e-05,0.001212,0.1147,7.439e-05,0.002441,0.0198,0.03796,0.01249,0.004435,0.02657,0.004919,9.4e-05,0.00732,2018-06-26
0.072,3.106e-05,0.0013,0.1164,7.684e-05,0.002518,0.021,0.03735,0.01311,0.004379,0.02737,0.004918,9.7e-05,0.00736,2018-06-27
0.07176,3.034e-05,0.001262,0.1124,7.625e-05,0.002481,0.01983,0.03753,0.01268,0.00464,0.02622,0.005163,9.3e-05,0.00738,2018-06-28
0.07018,3.023e-05,0.001252,0.1156,7.31e-05,0.002465,0.02048,0.03804,0.01273,0.004349,0.02619,0.005295,9.4e-05,0.00664,2018-06-29
0.07096,3.022e-05,0.001266,0.1172,7.336e-05,0.002529,0.02053,0.03744,0.01269,0.004381,0.02663,0.005518,9.8e-05,0.00701,2018-06-30
0.07103,3.14e-05,0.001274,0.1162,7.274e-05,0.002518,0.0205,0.03714,0.01255,0.004472,0.02683,0.005481,9.6e-05,0.00704,2018-07-01
0.07194,3.25e-05,0.001355,0.1182,7.39e-05,0.002521,0.02139,0.03783,0.01291,0.004513,0.02797,0.005598,0.000104,0.00731,2018-07-02
0.07096,3.148e-05,0.001357,0.1162,7.428e-05,0.002479,0.0212,0.03706,0.01309,0.004538,0.02758,0.00543,0.000101,0.00707,2018-07-03
0.07089,3.197e-05,0.001347,0.1156,7.458e-05,0.002551,0.02096,0.03729,0.01295,0.004512,0.02758,0.00542,0.000106,0.00716,2018-07-04
0.07158,3.075e-05,0.001353,0.1135,7.295e-05,0.002657,0.02115,0.03702,0.01275,0.00451,0.0267,0.00555,0.000103,0.00708,2018-07-05
0.07104,3.129e-05,0.001306,0.1109,7.237e-05,0.002773,0.01994,0.03664,0.0126,0.00455,0.02655,0.005483,0.000104,0.00769,2018-07-06
0.07177,3.089e-05,0.001306,0.114,7.163e-05,0.002772,0.0199,0.03641,0.01258,0.00456,0.02588,0.005261,0.000102,0.00757,2018-07-07
0.07258,3.13e-05,0.001295,0.1116,7.134e-05,0.002724,0.02044,0.03629,0.01228,0.004125,0.02582,0.005102,0.000103,0.00761,2018-07-08
0.07068,3.1e-05,0.001153,0.1093,7.092e-05,0.002727,0.02032,0.03473,0.01206,0.00404,0.0251,0.005205,0.0001,0.0073,2018-07-09
0.06868,3.045e-05,0.001134,0.1092,7.022e-05,0.002558,0.01922,0.03494,0.01201,0.003651,0.0253,0.004877,9.6e-05,0.007,2018-07-10
0.06975,2.971e-05,0.001123,0.1107,7.041e-05,0.002576,0.01955,0.0341,0.01223,0.003725,0.02481,0.005022,9.2e-05,0.00666,2018-07-11
0.06889,2.959e-05,0.001106,0.1099,6.998e-05,0.002617,0.01925,0.03416,0.0123,0.003416,0.02475,0.004837,8.6e-05,0.00658,2018-07-12
0.06948,3.315e-05,0.00111,0.1114,7.022e-05,0.002608,0.01963,0.03507,0.01228,0.003727,0.02827,0.004498,8.9e-05,0.00656,2018-07-13
0.06932,3.34e-05,0.001109,0.1123,7.024e-05,0.002618,0.01958,0.03568,0.01218,0.003586,0.0277,0.004532,8.9e-05,0.00713,2018-07-14
0.0707,3.473e-05,0.001164,0.1137,7.043e-05,0.00262,0.0194,0.03638,0.01239,0.003622,0.02742,0.004525,8.9e-05,0.008,2018-07-15
0.07117,3.558e-05,0.001202,0.1191,7.167e-05,0.002586,0.02008,0.03667,0.01247,0.003638,0.0281,0.004486,9.6e-05,0.00777,2018-07-16
0.06837,3.474e-05,0.001204,0.1165,6.941e-05,0.002444,0.01969,0.03555,0.01218,0.00358,0.0287,0.004307,9.3e-05,0.00738,2018-07-17
0.06497,4.045e-05,0.001164,0.1119,6.618e-05,0.002351,0.0189,0.0362,0.01173,0.003483,0.0284,0.004244,9.1e-05,0.00762,2018-07-18
0.06263,4.087e-05,0.001122,0.1102,6.383e-05,0.00233,0.01871,0.03493,0.01153,0.003371,0.02695,0.004086,8.9e-05,0.00749,2018-07-19
0.06121,3.669e-05,0.001071,0.1043,6.062e-05,0.002193,0.01779,0.03314,0.01118,0.0029,0.02511,0.00384,8.4e-05,0.00717,2018-07-20
0.0623,3.966e-05,0.001084,0.1065,6.142e-05,0.002209,0.01778,0.03455,0.01129,0.003075,0.02545,0.004028,8.6e-05,0.00703,2018-07-21
0.0618,3.82e-05,0.001061,0.1064,6.069e-05,0.002187,0.0173,0.03402,0.0111,0.003119,0.02562,0.004821,8.3e-05,0.00691,2018-07-22
0.05821,3.703e-05,0.001026,0.1013,5.772e-05,0.002078,0.01734,0.03127,0.01057,0.002739,0.02463,0.004169,7.4e-05,0.00679,2018-07-23
0.057,3.571e-05,0.001022,0.1033,5.443e-05,0.001976,0.01751,0.03008,0.01064,0.00251,0.0265,0.003621,7e-05,0.00631,2018-07-24
0.0577,4.079e-05,0.001041,0.1018,5.627e-05,0.002021,0.01757,0.03001,0.01056,0.002511,0.02711,0.003673,7.3e-05,0.0063,2018-07-25
0.05831,3.899e-05,0.001046,0.1013,5.663e-05,0.002105,0.01719,0.03048,0.01051,0.002341,0.0278,0.003782,7.1e-05,0.00621,2018-07-26
0.05751,3.879e-05,0.001029,0.1003,5.557e-05,0.002073,0.01724,0.02982,0.01034,0.0024,0.02714,0.003741,6.9e-05,0.00623,2018-07-27
0.05693,3.82e-05,0.001016,0.1001,5.55e-05,0.002073,0.01701,0.02928,0.01027,0.002306,0.02705,0.00367,6.7e-05,0.00642,2018-07-28
0.05673,3.761e-05,0.001017,0.1011,5.508e-05,0.002056,0.01651,0.02908,0.01022,0.002402,0.02648,0.003708,6.8e-05,0.00664,2018-07-29
0.05586,3.615e-05,0.0009486,0.09952,5.457e-05,0.002097,0.0161,0.02874,0.01006,0.002279,0.02632,0.003824,6.8e-05,0.00638,2018-07-30
0.05583,3.59e-05,0.0009461,0.1003,5.616e-05,0.002096,0.01576,0.02812,0.01022,0.002279,0.02714,0.003871,6.4e-05,0.00647,2018-07-31
0.05517,3.66e-05,0.0009523,0.101,5.87e-05,0.002029,0.0169,0.02891,0.0102,0.002334,0.02592,0.003969,6.8e-05,0.00647,2018-08-01
0.0545,3.453e-05,0.0009317,0.09733,5.709e-05,0.00198,0.01616,0.02791,0.0101,0.00215,0.02464,0.00385,6.9e-05,0.00607,2018-08-02
0.05631,3.452e-05,0.0009686,0.09768,5.93e-05,0.002233,0.01615,0.02838,0.01047,0.00254,0.0251,0.003981,6.9e-05,0.00603,2018-08-03
0.05798,3.406e-05,0.0009969,0.0994,6.13e-05,0.002345,0.01628,0.02883,0.01041,0.00255,0.02489,0.00403,7.6e-05,0.00609,2018-08-04
0.05816,3.456e-05,0.001003,0.1009,6.18e-05,0.002521,0.01665,0.02937,0.0106,0.002329,0.02558,0.004071,8.1e-05,0.00641,2018-08-05
0.05838,3.365e-05,0.00102,0.09979,5.97e-05,0.002703,0.01633,0.02876,0.01062,0.002386,0.02619,0.004024,8.5e-05,0.00632,2018-08-06
0.05623,3.381e-05,0.0009772,0.0978,5.637e-05,0.002568,0.016,0.02782,0.01001,0.001981,0.02615,0.003991,8.3e-05,0.00626,2018-08-07
0.05658,3.154e-05,0.0008857,0.09352,5.309e-05,0.002405,0.01502,0.02754,0.009845,0.002075,0.02556,0.003573,8.7e-05,0.00578,2018-08-08
0.05564,3.401e-05,0.0008838,0.09324,5.265e-05,0.0023,0.01539,0.02816,0.009634,0.001888,0.02667,0.00393,9e-05,0.00586,2018-08-09
0.05396,3.629e-05,0.000851,0.09258,5.189e-05,0.00231,0.01489,0.02732,0.009597,0.001657,0.02613,0.003746,9.3e-05,0.00576,2018-08-10
0.051,3.421e-05,0.0008078,0.0897,4.829e-05,0.002168,0.01474,0.02691,0.009123,0.001528,0.02535,0.00334,9.4e-05,0.0053,2018-08-11
0.051,3.421e-05,0.0008078,0.0897,4.829e-05,0.002168,0.01474,0.02691,0.009123,0.001528,0.02535,0.00334,9.4e-05,0.0053,2018-08-12
0.04541,3.533e-05,0.0007348,0.08518,4.383e-05,0.001909,0.0141,0.02304,0.009031,0.001126,0.02272,0.003034,8.2e-05,0.00498,2018-08-13
0.04494,3.509e-05,0.0007388,0.0823,4.404e-05,0.0019,0.01358,0.02232,0.008791,0.001013,0.02153,0.002634,7.3e-05,0.00495,2018-08-14
0.04479,3.409e-05,0.0007393,0.08158,4.46e-05,0.002097,0.01421,0.02444,0.008673,0.00098,0.02164,0.002623,6.8e-05,0.0049,2018-08-15
0.0454,3.397e-05,0.0007136,0.08181,4.626e-05,0.002196,0.01442,0.02385,0.008727,0.00091,0.02208,0.002673,6.6e-05,0.00482,2018-08-16
0.04825,3.638e-05,0.0008487,0.09168,5.585e-05,0.002195,0.01507,0.02542,0.009345,0.0011,0.02313,0.002955,7.4e-05,0.00503,2018-08-17
0.04601,3.479e-05,0.0007932,0.0867,5.138e-05,0.002062,0.01538,0.02376,0.008944,0.00115,0.02223,0.002828,7.2e-05,0.00475,2018-08-18
0.04617,3.523e-05,0.0008162,0.08826,5.277e-05,0.002042,0.01518,0.02376,0.008891,0.001041,0.02186,0.002878,7.3e-05,0.00474,2018-08-19
0.04329,3.398e-05,0.000752,0.08203,5.032e-05,0.00198,0.0148,0.02261,0.008538,0.001066,0.02066,0.002828,7.1e-05,0.00479,2018-08-20
0.04336,3.384e-05,0.0007583,0.08274,5.158e-05,0.00197,0.01456,0.02186,0.008746,0.000915,0.02078,0.002996,7.2e-05,0.00472,2018-08-21
0.04245,3.283e-05,0.0007397,0.08152,4.99e-05,0.001917,0.01421,0.02143,0.008664,0.00089,0.01991,0.002921,6.8e-05,0.0048,2018-08-22
0.04229,3.314e-05,0.0007513,0.08144,5.009e-05,0.001912,0.01381,0.02156,0.008752,0.000845,0.02031,0.00293,6.9e-05,0.00465,2018-08-23
0.04205,3.261e-05,0.0007536,0.07963,4.876e-05,0.00188,0.01393,0.02169,0.008634,0.000809,0.02114,0.002815,7.2e-05,0.00462,2018-08-24
0.0412,3.22e-05,0.0007453,0.07956,4.859e-05,0.001858,0.01366,0.02147,0.008589,0.000802,0.0205,0.002834,6.9e-05,0.0046,2018-08-25
0.04083,3.165e-05,0.0007353,0.07796,4.822e-05,0.001854,0.01409,0.02102,0.008485,0.00078,0.02004,0.0029,7e-05,0.00452,2018-08-26
0.04176,3.296e-05,0.0007809,0.07947,4.915e-05,0.001838,0.01524,0.02674,0.00877,0.000736,0.02188,0.002895,6.8e-05,0.00453,2018-08-27
0.04175,3.337e-05,0.0008342,0.08,4.964e-05,0.00187,0.0152,0.0274,0.008934,0.000968,0.0218,0.002984,6.9e-05,0.00483,2018-08-28
0.04156,3.27e-05,0.000876,0.07992,4.911e-05,0.001863,0.01488,0.02835,0.008883,0.000963,0.0218,0.002931,6.8e-05,0.00502,2018-08-29
